walking_speed,stationary_seconds,off_route,hour_of_day,is_night,distance_remaining,gps_accuracy,previous_alerts,risk_level
1.4,0,0,19,0,1.8,8,0,Low
1.2,10,0,20,0,1.4,10,0,Low
1.0,20,0,21,0,1.1,12,0,Low
0.8,40,0,22,1,0.9,15,0,Medium
0.6,70,0,22,1,0.8,18,0,Medium
0.5,100,0,23,1,0.7,20,1,Medium
0.4,120,1,23,1,0.6,22,1,High
0.3,160,1,0,1,0.5,25,1,High
0.2,220,1,0,1,0.4,30,2,High
0.1,300,1,1,1,0.3,35,2,Critical
0.0,360,1,1,1,0.2,40,3,Critical
0.0,420,1,2,1,0.1,45,3,Critical
1.3,0,0,18,0,2.0,9,0,Low
1.1,15,0,19,0,1.7,11,0,Low
0.9,30,0,20,0,1.5,13,0,Low
0.7,60,0,21,0,1.2,16,0,Medium
0.6,90,1,22,1,1.0,20,1,Medium
0.4,140,1,23,1,0.8,24,1,High
0.3,180,1,0,1,0.6,28,2,High
0.2,260,1,1,1,0.4,32,2,Critical
0.1,320,1,2,1,0.3,38,3,Critical
1.5,0,0,17,0,2.2,7,0,Low
1.2,5,0,18,0,2.0,8,0,Low
1.0,25,0,19,0,1.8,10,0,Low
0.8,50,0,20,0,1.5,14,0,Medium
0.5,110,1,22,1,1.1,19,1,Medium
0.4,150,1,23,1,0.9,23,1,High
0.3,210,1,0,1,0.7,27,2,High
0.1,280,1,1,1,0.5,33,2,Critical
0.0,400,1,2,1,0.2,42,3,Critical